take,x,y,z,mic,path,status,sr,dtype,channels,duration_s,peak,rms_db,dc,hum120_db,ir_pnr_db
Grid_X1.15_Y0.1_Z0.87,1.15,0.1,0.87,2,Grid_X1.15_Y0.1_Z0.87\INDIV\Mic2_Grid_X1.15_Y0.1_Z0.87.wav,OK,44100,int16,1,5.0,0.1287,-40.37,1.3983279131934978e-05,-29.33,59.3
Grid_X1.15_Y0.1_Z0.87,1.15,0.1,0.87,3,Grid_X1.15_Y0.1_Z0.87\INDIV\Mic3_Grid_X1.15_Y0.1_Z0.87.wav,OK,44100,int16,1,5.0,0.1973,-35.46,1.558818439661991e-05,-28.34,57.5
Grid_X1.15_Y0.1_Z0.87,1.15,0.1,0.87,4,Grid_X1.15_Y0.1_Z0.87\INDIV\Mic4_Grid_X1.15_Y0.1_Z0.87.wav,OK,44100,int16,1,5.0,0.3691,-30.05,2.6331894332543015e-05,-21.61,59.3
Grid_X1.15_Y0.2_Z0.87,1.15,0.2,0.87,2,Grid_X1.15_Y0.2_Z0.87\INDIV\Mic2_Grid_X1.15_Y0.2_Z0.87.wav,OK,44100,int16,1,5.0,0.1548,-39.77,1.6708132534404285e-05,-34.42,58.5
Grid_X1.15_Y0.2_Z0.87,1.15,0.2,0.87,3,Grid_X1.15_Y0.2_Z0.87\INDIV\Mic3_Grid_X1.15_Y0.2_Z0.87.wav,OK,44100,int16,1,5.0,0.226,-35.69,1.4420489605981857e-05,-32.19,59.8
Grid_X1.15_Y0.2_Z0.87,1.15,0.2,0.87,4,Grid_X1.15_Y0.2_Z0.87\INDIV\Mic4_Grid_X1.15_Y0.2_Z0.87.wav,OK,44100,int16,1,5.0,0.3683,-29.76,3.1563895390718244e-06,-18.97,61.3
Grid_X1.15_Y0.3_Z0.87,1.15,0.3,0.87,2,Grid_X1.15_Y0.3_Z0.87\INDIV\Mic2_Grid_X1.15_Y0.3_Z0.87.wav,OK,44100,int16,1,5.0,0.1355,-39.92,2.126791514456272e-05,-31.62,59.0
Grid_X1.15_Y0.3_Z0.87,1.15,0.3,0.87,3,Grid_X1.15_Y0.3_Z0.87\INDIV\Mic3_Grid_X1.15_Y0.3_Z0.87.wav,OK,44100,int16,1,5.0,0.1869,-35.85,1.0988265785272233e-05,-32.5,61.8
Grid_X1.15_Y0.3_Z0.87,1.15,0.3,0.87,4,Grid_X1.15_Y0.3_Z0.87\INDIV\Mic4_Grid_X1.15_Y0.3_Z0.87.wav,OK,44100,int16,1,5.0,0.3172,-29.88,6.364679848047672e-06,-29.36,63.1
Grid_X1.15_Y0.4_Z0.87,1.15,0.4,0.87,2,Grid_X1.15_Y0.4_Z0.87\INDIV\Mic2_Grid_X1.15_Y0.4_Z0.87.wav,OK,44100,int16,1,5.0,0.1205,-39.72,9.758566193340812e-06,-29.22,62.1
Grid_X1.15_Y0.4_Z0.87,1.15,0.4,0.87,3,Grid_X1.15_Y0.4_Z0.87\INDIV\Mic3_Grid_X1.15_Y0.4_Z0.87.wav,OK,44100,int16,1,5.0,0.211,-33.67,5.48307471035514e-05,-28.58,59.2
Grid_X1.15_Y0.4_Z0.87,1.15,0.4,0.87,4,Grid_X1.15_Y0.4_Z0.87\INDIV\Mic4_Grid_X1.15_Y0.4_Z0.87.wav,OK,44100,int16,1,5.0,0.3517,-30.19,8.063145287451334e-06,-27.41,60.9
Grid_X1.15_Y0.5_Z0.87,1.15,0.5,0.87,2,Grid_X1.15_Y0.5_Z0.87\INDIV\Mic2_Grid_X1.15_Y0.5_Z0.87.wav,OK,44100,int16,1,5.0,0.1505,-39.6,2.2676982553093694e-05,-31.76,60.7
Grid_X1.15_Y0.5_Z0.87,1.15,0.5,0.87,3,Grid_X1.15_Y0.5_Z0.87\INDIV\Mic3_Grid_X1.15_Y0.5_Z0.87.wav,OK,44100,int16,1,5.0,0.2478,-34.45,3.090800964855589e-05,-31.71,64.9
Grid_X1.15_Y0.5_Z0.87,1.15,0.5,0.87,4,Grid_X1.15_Y0.5_Z0.87\INDIV\Mic4_Grid_X1.15_Y0.5_Z0.87.wav,OK,44100,int16,1,5.0,0.337,-30.08,1.2747213077091146e-05,-24.57,59.8
Grid_X1.15_Y0.6_Z0.87,1.15,0.6,0.87,2,Grid_X1.15_Y0.6_Z0.87\INDIV\Mic2_Grid_X1.15_Y0.6_Z0.87.wav,OK,44100,int16,1,5.0,0.1391,-39.37,-2.4238293008238543e-06,-35.44,60.6
Grid_X1.15_Y0.6_Z0.87,1.15,0.6,0.87,3,Grid_X1.15_Y0.6_Z0.87\INDIV\Mic3_Grid_X1.15_Y0.6_Z0.87.wav,OK,44100,int16,1,5.0,0.197,-34.58,-1.4872094652673695e-05,-33.47,63.7
Grid_X1.15_Y0.6_Z0.87,1.15,0.6,0.87,4,Grid_X1.15_Y0.6_Z0.87\INDIV\Mic4_Grid_X1.15_Y0.6_Z0.87.wav,OK,44100,int16,1,5.0,0.3581,-30.35,-9.264472282666247e-06,-25.76,59.2
Grid_X1.15_Y0.7_Z0.87,1.15,0.7,0.87,2,Grid_X1.15_Y0.7_Z0.87\INDIV\Mic2_Grid_X1.15_Y0.7_Z0.87.wav,OK,44100,int16,1,5.0,0.1241,-39.63,9.469583346799482e-06,-29.49,61.1
Grid_X1.15_Y0.7_Z0.87,1.15,0.7,0.87,3,Grid_X1.15_Y0.7_Z0.87\INDIV\Mic3_Grid_X1.15_Y0.7_Z0.87.wav,OK,44100,int16,1,5.0,0.2065,-34.19,-5.050956679042429e-05,-33.07,64.6
Grid_X1.15_Y0.7_Z0.87,1.15,0.7,0.87,4,Grid_X1.15_Y0.7_Z0.87\INDIV\Mic4_Grid_X1.15_Y0.7_Z0.87.wav,OK,44100,int16,1,5.0,0.3905,-30.58,1.954135404957924e-05,-26.15,60.0
Grid_X1.15_Y0.8_Z0.87,1.15,0.8,0.87,2,Grid_X1.15_Y0.8_Z0.87\INDIV\Mic2_Grid_X1.15_Y0.8_Z0.87.wav,OK,44100,int16,1,5.0,0.1077,-39.99,7.235226348711876e-06,-29.55,60.1
Grid_X1.15_Y0.8_Z0.87,1.15,0.8,0.87,3,Grid_X1.15_Y0.8_Z0.87\INDIV\Mic3_Grid_X1.15_Y0.8_Z0.87.wav,OK,44100,int16,1,5.0,0.2631,-34.01,1.1361396445863647e-06,-30.86,64.9
Grid_X1.15_Y0.8_Z0.87,1.15,0.8,0.87,4,Grid_X1.15_Y0.8_Z0.87\INDIV\Mic4_Grid_X1.15_Y0.8_Z0.87.wav,OK,44100,int16,1,5.0,0.3794,-30.67,6.303782811301062e-06,-28.98,62.0
Grid_X1.15_Y0.9_Z0.87,1.15,0.9,0.87,2,Grid_X1.15_Y0.9_Z0.87\INDIV\Mic2_Grid_X1.15_Y0.9_Z0.87.wav,OK,44100,int16,1,5.0,0.1441,-39.41,2.4822347768349573e-06,-24.48,61.8
Grid_X1.15_Y0.9_Z0.87,1.15,0.9,0.87,3,Grid_X1.15_Y0.9_Z0.87\INDIV\Mic3_Grid_X1.15_Y0.9_Z0.87.wav,OK,44100,int16,1,5.0,0.2159,-34.15,1.5630674170097336e-05,-30.45,62.3
Grid_X1.15_Y0.9_Z0.87,1.15,0.9,0.87,4,Grid_X1.15_Y0.9_Z0.87\INDIV\Mic4_Grid_X1.15_Y0.9_Z0.87.wav,OK,44100,int16,1,5.0,0.3721,-30.64,1.0467736501595937e-05,-15.84,60.7
Grid_X1.15_Y1.1_Z0.87,1.15,1.1,0.87,2,Grid_X1.15_Y1.1_Z0.87\INDIV\Mic2_Grid_X1.15_Y1.1_Z0.87.wav,OK,44100,int16,1,5.0,0.1387,-39.86,1.5042882296256721e-05,-24.59,63.1
Grid_X1.15_Y1.1_Z0.87,1.15,1.1,0.87,3,Grid_X1.15_Y1.1_Z0.87\INDIV\Mic3_Grid_X1.15_Y1.1_Z0.87.wav,OK,44100,int16,1,5.0,0.2165,-34.99,-1.0070939424622338e-05,-29.97,60.1
Grid_X1.15_Y1.1_Z0.87,1.15,1.1,0.87,4,Grid_X1.15_Y1.1_Z0.87\INDIV\Mic4_Grid_X1.15_Y1.1_Z0.87.wav,OK,44100,int16,1,5.0,0.327,-30.52,1.3951031178294215e-05,-19.99,60.5
Grid_X1.15_Y1.2_Z0.87,1.15,1.2,0.87,2,Grid_X1.15_Y1.2_Z0.87\INDIV\Mic2_Grid_X1.15_Y1.2_Z0.87.wav,OK,44100,int16,1,5.0,0.1309,-39.39,2.083111940009985e-05,-33.08,64.5
Grid_X1.15_Y1.2_Z0.87,1.15,1.2,0.87,3,Grid_X1.15_Y1.2_Z0.87\INDIV\Mic3_Grid_X1.15_Y1.2_Z0.87.wav,OK,44100,int16,1,5.0,0.1968,-35.4,1.5770874597365037e-05,-27.46,60.6
Grid_X1.15_Y1.2_Z0.87,1.15,1.2,0.87,4,Grid_X1.15_Y1.2_Z0.87\INDIV\Mic4_Grid_X1.15_Y1.2_Z0.87.wav,OK,44100,int16,1,5.0,0.4344,-30.29,1.0443793144077063e-05,-17.29,63.4
Grid_X1.15_Y1.3_Z0.87,1.15,1.3,0.87,2,Grid_X1.15_Y1.3_Z0.87\INDIV\Mic2_Grid_X1.15_Y1.3_Z0.87.wav,OK,44100,int16,1,5.0,0.1281,-39.44,7.245329925353872e-06,-24.43,62.9
Grid_X1.15_Y1.3_Z0.87,1.15,1.3,0.87,3,Grid_X1.15_Y1.3_Z0.87\INDIV\Mic3_Grid_X1.15_Y1.3_Z0.87.wav,OK,44100,int16,1,5.0,0.2549,-34.46,5.895179492654279e-05,-28.32,64.3
Grid_X1.15_Y1.3_Z0.87,1.15,1.3,0.87,4,Grid_X1.15_Y1.3_Z0.87\INDIV\Mic4_Grid_X1.15_Y1.3_Z0.87.wav,OK,44100,int16,1,5.0,0.3056,-30.76,1.5391100532724522e-05,-16.45,61.1
Grid_X1.15_Y1.4_Z0.87,1.15,1.4,0.87,2,Grid_X1.15_Y1.4_Z0.87\INDIV\Mic2_Grid_X1.15_Y1.4_Z0.87.wav,OK,44100,int16,1,5.0,0.1328,-39.69,2.2092097424319945e-05,-30.2,61.5
Grid_X1.15_Y1.4_Z0.87,1.15,1.4,0.87,3,Grid_X1.15_Y1.4_Z0.87\INDIV\Mic3_Grid_X1.15_Y1.4_Z0.87.wav,OK,44100,int16,1,5.0,0.2695,-32.92,2.228931953141e-05,-33.88,72.4
Grid_X1.15_Y1.4_Z0.87,1.15,1.4,0.87,4,Grid_X1.15_Y1.4_Z0.87\INDIV\Mic4_Grid_X1.15_Y1.4_Z0.87.wav,OK,44100,int16,1,5.0,0.3334,-30.91,1.607881858944893e-05,-20.9,62.2
Grid_X1.15_Y1.5_Z0.87,1.15,1.5,0.87,2,Grid_X1.15_Y1.5_Z0.87\INDIV\Mic2_Grid_X1.15_Y1.5_Z0.87.wav,OK,44100,int16,1,5.0,0.1253,-39.71,9.10794005903881e-06,-29.84,60.8
Grid_X1.15_Y1.5_Z0.87,1.15,1.5,0.87,3,Grid_X1.15_Y1.5_Z0.87\INDIV\Mic3_Grid_X1.15_Y1.5_Z0.87.wav,OK,44100,int16,1,5.0,0.2643,-32.29,-5.119479169479746e-07,-32.58,73.0
Grid_X1.15_Y1.5_Z0.87,1.15,1.5,0.87,4,Grid_X1.15_Y1.5_Z0.87\INDIV\Mic4_Grid_X1.15_Y1.5_Z0.87.wav,OK,44100,int16,1,5.0,0.364,-30.55,-8.538002020941349e-07,-19.67,61.6
Grid_X1.15_Y1.6_Z0.87,1.15,1.6,0.87,2,Grid_X1.15_Y1.6_Z0.87\INDIV\Mic2_Grid_X1.15_Y1.6_Z0.87.wav,OK,44100,int16,1,5.0,0.1353,-40.0,1.8130624539480777e-06,-23.04,59.6
Grid_X1.15_Y1.6_Z0.87,1.15,1.6,0.87,3,Grid_X1.15_Y1.6_Z0.87\INDIV\Mic3_Grid_X1.15_Y1.6_Z0.87.wav,OK,44100,int16,1,5.0,0.2958,-30.91,1.945277654158417e-05,-29.96,75.3
Grid_X1.15_Y1.6_Z0.87,1.15,1.6,0.87,4,Grid_X1.15_Y1.6_Z0.87\INDIV\Mic4_Grid_X1.15_Y1.6_Z0.87.wav,OK,44100,int16,1,5.0,0.3492,-30.47,1.7246236893697642e-05,-18.34,62.1
Grid_X1.15_Y1.7_Z0.87,1.15,1.7,0.87,2,Grid_X1.15_Y1.7_Z0.87\INDIV\Mic2_Grid_X1.15_Y1.7_Z0.87.wav,OK,44100,int16,1,5.0,0.1631,-39.3,-1.234820047102403e-06,-23.68,62.5
Grid_X1.15_Y1.7_Z0.87,1.15,1.7,0.87,3,Grid_X1.15_Y1.7_Z0.87\INDIV\Mic3_Grid_X1.15_Y1.7_Z0.87.wav,OK,44100,int16,1,5.0,0.2753,-32.24,8.897015504771844e-06,-29.33,69.2
Grid_X1.15_Y1.7_Z0.87,1.15,1.7,0.87,4,Grid_X1.15_Y1.7_Z0.87\INDIV\Mic4_Grid_X1.15_Y1.7_Z0.87.wav,OK,44100,int16,1,5.0,0.3423,-30.65,9.935720299836248e-06,-20.03,60.0
Grid_X1.15_Y1.8_Z0.87,1.15,1.8,0.87,2,Grid_X1.15_Y1.8_Z0.87\INDIV\Mic2_Grid_X1.15_Y1.8_Z0.87.wav,OK,44100,int16,1,5.0,0.1552,-39.26,1.2256302397872787e-05,-29.07,62.4
Grid_X1.15_Y1.8_Z0.87,1.15,1.8,0.87,3,Grid_X1.15_Y1.8_Z0.87\INDIV\Mic3_Grid_X1.15_Y1.8_Z0.87.wav,OK,44100,int16,1,5.0,0.2247,-33.8,-2.0444838810362853e-05,-26.97,64.5
Grid_X1.15_Y1.8_Z0.87,1.15,1.8,0.87,4,Grid_X1.15_Y1.8_Z0.87\INDIV\Mic4_Grid_X1.15_Y1.8_Z0.87.wav,OK,44100,int16,1,5.0,0.3628,-30.55,-1.1939915793846012e-06,-21.63,61.4
Grid_X1.15_Y1.9_Z0.87,1.15,1.9,0.87,2,Grid_X1.15_Y1.9_Z0.87\INDIV\Mic2_Grid_X1.15_Y1.9_Z0.87.wav,OK,44100,int16,1,5.0,0.1517,-39.24,1.1496476872707717e-05,-25.82,62.4
Grid_X1.15_Y1.9_Z0.87,1.15,1.9,0.87,3,Grid_X1.15_Y1.9_Z0.87\INDIV\Mic3_Grid_X1.15_Y1.9_Z0.87.wav,OK,44100,int16,1,5.0,0.3013,-32.63,1.5907617125776596e-05,-28.04,70.0
Grid_X1.15_Y1.9_Z0.87,1.15,1.9,0.87,4,Grid_X1.15_Y1.9_Z0.87\INDIV\Mic4_Grid_X1.15_Y1.9_Z0.87.wav,OK,44100,int16,1,5.0,0.391,-30.3,-3.4026063076453283e-05,-23.32,60.1
Grid_X1.15_Y1_Z0.87,1.15,1.0,0.87,2,Grid_X1.15_Y1_Z0.87\INDIV\Mic2_Grid_X1.15_Y1_Z0.87.wav,OK,44100,int16,1,5.0,0.1259,-39.95,7.4894705903716385e-06,-22.86,60.6
Grid_X1.15_Y1_Z0.87,1.15,1.0,0.87,3,Grid_X1.15_Y1_Z0.87\INDIV\Mic3_Grid_X1.15_Y1_Z0.87.wav,OK,44100,int16,1,5.0,0.2182,-34.8,2.041425204879488e-06,-30.43,62.6
Grid_X1.15_Y1_Z0.87,1.15,1.0,0.87,4,Grid_X1.15_Y1_Z0.87\INDIV\Mic4_Grid_X1.15_Y1_Z0.87.wav,OK,44100,int16,1,5.0,0.4243,-30.51,1.2474284631025512e-05,-18.7,62.9
Grid_X1.15_Y2.1_Z0.87,1.15,2.1,0.87,2,Grid_X1.15_Y2.1_Z0.87\INDIV\Mic2_Grid_X1.15_Y2.1_Z0.87.wav,OK,44100,int16,1,5.0,0.1232,-39.71,7.5761099651572295e-06,-23.17,59.8
Grid_X1.15_Y2.1_Z0.87,1.15,2.1,0.87,3,Grid_X1.15_Y2.1_Z0.87\INDIV\Mic3_Grid_X1.15_Y2.1_Z0.87.wav,OK,44100,int16,1,5.0,0.2192,-34.44,-9.748463526193518e-06,-24.99,62.0
Grid_X1.15_Y2.1_Z0.87,1.15,2.1,0.87,4,Grid_X1.15_Y2.1_Z0.87\INDIV\Mic4_Grid_X1.15_Y2.1_Z0.87.wav,OK,44100,int16,1,5.0,0.3956,-30.21,-1.0777895113278646e-05,-22.75,62.8
Grid_X1.15_Y2.2_Z0.87,1.15,2.2,0.87,2,Grid_X1.15_Y2.2_Z0.87\INDIV\Mic2_Grid_X1.15_Y2.2_Z0.87.wav,OK,44100,int16,1,5.0,0.1259,-39.37,-2.91736978397239e-06,-29.72,62.8
Grid_X1.15_Y2.2_Z0.87,1.15,2.2,0.87,3,Grid_X1.15_Y2.2_Z0.87\INDIV\Mic3_Grid_X1.15_Y2.2_Z0.87.wav,OK,44100,int16,1,5.0,0.2504,-35.19,-2.6324005375499837e-07,-24.11,61.6
Grid_X1.15_Y2.2_Z0.87,1.15,2.2,0.87,4,Grid_X1.15_Y2.2_Z0.87\INDIV\Mic4_Grid_X1.15_Y2.2_Z0.87.wav,OK,44100,int16,1,5.0,0.3285,-31.2,-2.3655620680074207e-06,-18.71,61.2
Grid_X1.15_Y2.3_Z0.87,1.15,2.3,0.87,2,Grid_X1.15_Y2.3_Z0.87\INDIV\Mic2_Grid_X1.15_Y2.3_Z0.87.wav,OK,44100,int16,1,5.0,0.1238,-39.47,7.973184438014869e-06,-23.78,61.6
Grid_X1.15_Y2.3_Z0.87,1.15,2.3,0.87,3,Grid_X1.15_Y2.3_Z0.87\INDIV\Mic3_Grid_X1.15_Y2.3_Z0.87.wav,OK,44100,int16,1,5.0,0.256,-34.38,2.300762389495503e-05,-22.04,62.3
Grid_X1.15_Y2.3_Z0.87,1.15,2.3,0.87,4,Grid_X1.15_Y2.3_Z0.87\INDIV\Mic4_Grid_X1.15_Y2.3_Z0.87.wav,OK,44100,int16,1,5.0,0.3302,-30.54,2.0389201381476596e-05,-21.86,62.7
Grid_X1.15_Y2_Z0.87,1.15,2.0,0.87,2,Grid_X1.15_Y2_Z0.87\INDIV\Mic2_Grid_X1.15_Y2_Z0.87.wav,OK,44100,int16,1,5.0,0.1465,-39.44,4.53708480563364e-06,-22.12,60.4
Grid_X1.15_Y2_Z0.87,1.15,2.0,0.87,3,Grid_X1.15_Y2_Z0.87\INDIV\Mic3_Grid_X1.15_Y2_Z0.87.wav,OK,44100,int16,1,5.0,0.2295,-33.39,5.595027687377296e-06,-23.88,63.1
Grid_X1.15_Y2_Z0.87,1.15,2.0,0.87,4,Grid_X1.15_Y2_Z0.87\INDIV\Mic4_Grid_X1.15_Y2_Z0.87.wav,OK,44100,int16,1,5.0,0.3705,-30.08,5.096656968817115e-05,-20.91,63.0
